{"metrics/precision": 0.06750072846073367}{"metrics/recall": 0.5795982161821227}{"metrics/mAP_0.5": 0.12017647029895531}{"metrics/mAP_0.5:0.95": 0.07763695385572829}