{"metrics/precision": 0.08241105050699084}{"metrics/recall": 0.567303938763003}{"metrics/mAP_0.5": 0.11962992875850512}{"metrics/mAP_0.5:0.95": 0.07669339219617828}